path,label
data/archive/rock/rock_487.png,rock
data/archive/scissors/scissors_666.png,scissors
data/archive/scissors/scissors_88.png,scissors
data/archive/scissors/scissors_660.png,scissors
data/archive/paper/paper_463.png,paper
data/archive/rock/rock_673.png,rock
data/archive/rock/rock_785.png,rock
data/archive/paper/paper_839.png,paper
data/archive/scissors/scissors_467.png,scissors
data/archive/scissors/scissors_776.png,scissors
data/archive/paper/paper_764.png,paper
data/archive/paper/paper_680.png,paper
data/archive/paper/paper_183.png,paper
data/archive/rock/rock_387.png,rock
data/archive/rock/rock_587.png,rock
data/archive/scissors/scissors_347.png,scissors
data/archive/scissors/scissors_221.png,scissors
data/archive/paper/paper_481.png,paper
data/archive/rock/rock_97.png,rock
data/archive/scissors/scissors_68.png,scissors
data/archive/rock/rock_804.png,rock
data/archive/rock/rock_744.png,rock
data/archive/paper/paper_881.png,paper
data/archive/scissors/scissors_399.png,scissors
data/archive/scissors/scissors_525.png,scissors
data/archive/scissors/scissors_419.png,scissors
data/archive/paper/paper_651.png,paper
data/archive/rock/rock_781.png,rock
data/archive/scissors/scissors_809.png,scissors
data/archive/scissors/scissors_62.png,scissors
data/archive/rock/rock_440.png,rock
data/archive/rock/rock_343.png,rock
data/archive/paper/paper_544.png,paper
data/archive/scissors/scissors_429.png,scissors
data/archive/paper/paper_62.png,paper
data/archive/scissors/scissors_81.png,scissors
data/archive/paper/paper_16.png,paper
data/archive/rock/rock_215.png,rock
data/archive/paper/paper_790.png,paper
data/archive/paper/paper_875.png,paper
data/archive/rock/rock_716.png,rock
data/archive/rock/rock_210.png,rock
data/archive/paper/paper_810.png,paper
data/archive/scissors/scissors_142.png,scissors
data/archive/paper/paper_547.png,paper
data/archive/paper/paper_154.png,paper
data/archive/scissors/scissors_235.png,scissors
data/archive/paper/paper_629.png,paper
data/archive/scissors/scissors_499.png,scissors
data/archive/scissors/scissors_532.png,scissors
data/archive/scissors/scissors_55.png,scissors
data/archive/scissors/scissors_870.png,scissors
data/archive/scissors/scissors_415.png,scissors
data/archive/rock/rock_324.png,rock
data/archive/scissors/scissors_679.png,scissors
data/archive/scissors/scissors_491.png,scissors
data/archive/paper/paper_140.png,paper
data/archive/paper/paper_697.png,paper
data/archive/scissors/scissors_284.png,scissors
data/archive/paper/paper_539.png,paper
data/archive/paper/paper_306.png,paper
data/archive/paper/paper_409.png,paper
data/archive/rock/rock_311.png,rock
data/archive/paper/paper_696.png,paper
data/archive/scissors/scissors_573.png,scissors
data/archive/scissors/scissors_852.png,scissors
data/archive/paper/paper_81.png,paper
data/archive/paper/paper_122.png,paper
data/archive/paper/paper_158.png,paper
data/archive/paper/paper_603.png,paper
data/archive/paper/paper_561.png,paper
data/archive/rock/rock_705.png,rock
data/archive/paper/paper_799.png,paper
data/archive/paper/paper_327.png,paper
data/archive/paper/paper_693.png,paper
data/archive/paper/paper_630.png,paper
data/archive/paper/paper_169.png,paper
data/archive/rock/rock_10.png,rock
data/archive/paper/paper_848.png,paper
data/archive/scissors/scissors_661.png,scissors
data/archive/scissors/scissors_395.png,scissors
data/archive/rock/rock_645.png,rock
data/archive/rock/rock_310.png,rock
data/archive/paper/paper_356.png,paper
data/archive/scissors/scissors_619.png,scissors
data/archive/paper/paper_206.png,paper
data/archive/scissors/scissors_728.png,scissors
data/archive/paper/paper_533.png,paper
data/archive/scissors/scissors_475.png,scissors
data/archive/paper/paper_493.png,paper
data/archive/scissors/scissors_266.png,scissors
data/archive/scissors/scissors_191.png,scissors
data/archive/paper/paper_133.png,paper
data/archive/scissors/scissors_285.png,scissors
data/archive/scissors/scissors_382.png,scissors
data/archive/scissors/scissors_345.png,scissors
data/archive/scissors/scissors_637.png,scissors
data/archive/rock/rock_296.png,rock
data/archive/scissors/scissors_486.png,scissors
data/archive/paper/paper_756.png,paper
data/archive/scissors/scissors_138.png,scissors
data/archive/rock/rock_174.png,rock
data/archive/scissors/scissors_848.png,scissors
data/archive/rock/rock_801.png,rock
data/archive/rock/rock_712.png,rock
data/archive/scissors/scissors_741.png,scissors
data/archive/paper/paper_405.png,paper
data/archive/paper/paper_259.png,paper
data/archive/rock/rock_400.png,rock
data/archive/paper/paper_167.png,paper
data/archive/paper/paper_325.png,paper
data/archive/paper/paper_178.png,paper
data/archive/rock/rock_857.png,rock
data/archive/scissors/scissors_187.png,scissors
data/archive/paper/paper_371.png,paper
data/archive/paper/paper_754.png,paper
data/archive/paper/paper_524.png,paper
data/archive/rock/rock_686.png,rock
data/archive/scissors/scissors_402.png,scissors
data/archive/rock/rock_811.png,rock
data/archive/paper/paper_500.png,paper
data/archive/rock/rock_637.png,rock
data/archive/paper/paper_155.png,paper
data/archive/paper/paper_195.png,paper
data/archive/scissors/scissors_677.png,scissors
data/archive/paper/paper_395.png,paper
data/archive/scissors/scissors_254.png,scissors
data/archive/scissors/scissors_892.png,scissors
data/archive/paper/paper_190.png,paper
data/archive/paper/paper_157.png,paper
data/archive/rock/rock_512.png,rock
data/archive/paper/paper_25.png,paper
data/archive/scissors/scissors_102.png,scissors
data/archive/scissors/scissors_126.png,scissors
data/archive/paper/paper_249.png,paper
data/archive/rock/rock_270.png,rock
data/archive/rock/rock_398.png,rock
data/archive/rock/rock_606.png,rock
data/archive/paper/paper_222.png,paper
data/archive/rock/rock_852.png,rock
data/archive/rock/rock_290.png,rock
data/archive/scissors/scissors_693.png,scissors
data/archive/rock/rock_584.png,rock
data/archive/scissors/scissors_230.png,scissors
data/archive/scissors/scissors_359.png,scissors
data/archive/scissors/scissors_280.png,scissors
data/archive/paper/paper_239.png,paper
data/archive/rock/rock_40.png,rock
data/archive/paper/paper_530.png,paper
data/archive/rock/rock_372.png,rock
data/archive/rock/rock_618.png,rock
data/archive/rock/rock_130.png,rock
data/archive/rock/rock_58.png,rock
data/archive/rock/rock_421.png,rock
data/archive/rock/rock_525.png,rock
data/archive/paper/paper_189.png,paper
data/archive/rock/rock_854.png,rock
data/archive/rock/rock_600.png,rock
data/archive/scissors/scissors_408.png,scissors
data/archive/scissors/scissors_192.png,scissors
data/archive/paper/paper_202.png,paper
data/archive/paper/paper_63.png,paper
data/archive/rock/rock_691.png,rock
data/archive/scissors/scissors_510.png,scissors
data/archive/paper/paper_804.png,paper
data/archive/rock/rock_347.png,rock
data/archive/scissors/scissors_574.png,scissors
data/archive/paper/paper_334.png,paper
data/archive/paper/paper_566.png,paper
data/archive/rock/rock_190.png,rock
data/archive/scissors/scissors_123.png,scissors
data/archive/paper/paper_673.png,paper
data/archive/rock/rock_891.png,rock
data/archive/paper/paper_803.png,paper
data/archive/scissors/scissors_443.png,scissors
data/archive/scissors/scissors_454.png,scissors
data/archive/paper/paper_382.png,paper
data/archive/scissors/scissors_716.png,scissors
data/archive/scissors/scissors_197.png,scissors
data/archive/paper/paper_584.png,paper
data/archive/paper/paper_287.png,paper
data/archive/paper/paper_443.png,paper
data/archive/scissors/scissors_92.png,scissors
data/archive/paper/paper_266.png,paper
data/archive/scissors/scissors_520.png,scissors
data/archive/paper/paper_705.png,paper
data/archive/scissors/scissors_564.png,scissors
data/archive/paper/paper_218.png,paper
data/archive/scissors/scissors_699.png,scissors
data/archive/rock/rock_18.png,rock
data/archive/paper/paper_33.png,paper
data/archive/paper/paper_215.png,paper
data/archive/paper/paper_408.png,paper
data/archive/scissors/scissors_808.png,scissors
data/archive/paper/paper_607.png,paper
data/archive/scissors/scissors_797.png,scissors
data/archive/paper/paper_347.png,paper
data/archive/scissors/scissors_697.png,scissors
data/archive/rock/rock_741.png,rock
data/archive/paper/paper_172.png,paper
data/archive/scissors/scissors_260.png,scissors
data/archive/paper/paper_400.png,paper
data/archive/rock/rock_543.png,rock
data/archive/rock/rock_508.png,rock
data/archive/scissors/scissors_608.png,scissors
data/archive/paper/paper_594.png,paper
data/archive/paper/paper_458.png,paper
data/archive/paper/paper_135.png,paper
data/archive/rock/rock_77.png,rock
data/archive/rock/rock_709.png,rock
data/archive/paper/paper_489.png,paper
data/archive/rock/rock_257.png,rock
data/archive/paper/paper_243.png,paper
data/archive/paper/paper_851.png,paper
data/archive/scissors/scissors_12.png,scissors
data/archive/rock/rock_504.png,rock
data/archive/scissors/scissors_557.png,scissors
data/archive/rock/rock_193.png,rock
data/archive/scissors/scissors_349.png,scissors
data/archive/paper/paper_506.png,paper
data/archive/paper/paper_586.png,paper
data/archive/paper/paper_757.png,paper
data/archive/paper/paper_549.png,paper
data/archive/rock/rock_842.png,rock
data/archive/rock/rock_15.png,rock
data/archive/paper/paper_113.png,paper
data/archive/paper/paper_91.png,paper
data/archive/rock/rock_404.png,rock
data/archive/rock/rock_232.png,rock
data/archive/scissors/scissors_468.png,scissors
data/archive/paper/paper_732.png,paper
data/archive/scissors/scissors_324.png,scissors
data/archive/scissors/scissors_155.png,scissors
data/archive/scissors/scissors_224.png,scissors
data/archive/paper/paper_868.png,paper
data/archive/scissors/scissors_258.png,scissors
data/archive/scissors/scissors_563.png,scissors
data/archive/scissors/scissors_706.png,scissors
data/archive/scissors/scissors_478.png,scissors
data/archive/paper/paper_166.png,paper
data/archive/scissors/scissors_517.png,scissors
data/archive/scissors/scissors_836.png,scissors
data/archive/scissors/scissors_25.png,scissors
data/archive/rock/rock_740.png,rock
data/archive/rock/rock_447.png,rock
data/archive/scissors/scissors_310.png,scissors
data/archive/scissors/scissors_669.png,scissors
data/archive/paper/paper_502.png,paper
data/archive/rock/rock_135.png,rock
data/archive/rock/rock_669.png,rock
data/archive/paper/paper_515.png,paper
data/archive/rock/rock_102.png,rock
data/archive/paper/paper_263.png,paper
data/archive/scissors/scissors_30.png,scissors
data/archive/scissors/scissors_834.png,scissors
data/archive/rock/rock_719.png,rock
data/archive/rock/rock_396.png,rock
data/archive/paper/paper_874.png,paper
data/archive/paper/paper_406.png,paper
data/archive/rock/rock_629.png,rock
data/archive/paper/paper_841.png,paper
data/archive/rock/rock_340.png,rock
data/archive/scissors/scissors_374.png,scissors
data/archive/rock/rock_492.png,rock
data/archive/scissors/scissors_850.png,scissors
data/archive/scissors/scissors_896.png,scissors
data/archive/scissors/scissors_820.png,scissors
data/archive/scissors/scissors_799.png,scissors
data/archive/scissors/scissors_270.png,scissors
data/archive/scissors/scissors_477.png,scissors
data/archive/rock/rock_198.png,rock
data/archive/paper/paper_352.png,paper
data/archive/paper/paper_543.png,paper
data/archive/paper/paper_96.png,paper
data/archive/paper/paper_199.png,paper
data/archive/rock/rock_138.png,rock
data/archive/rock/rock_345.png,rock
data/archive/paper/paper_110.png,paper
data/archive/rock/rock_674.png,rock
data/archive/scissors/scissors_521.png,scissors
data/archive/paper/paper_271.png,paper
data/archive/rock/rock_656.png,rock
data/archive/paper/paper_84.png,paper
data/archive/paper/paper_887.png,paper
data/archive/scissors/scissors_412.png,scissors
data/archive/rock/rock_240.png,rock
data/archive/paper/paper_320.png,paper
data/archive/rock/rock_424.png,rock
data/archive/paper/paper_663.png,paper
data/archive/scissors/scissors_771.png,scissors
data/archive/scissors/scissors_217.png,scissors
data/archive/paper/paper_827.png,paper
data/archive/scissors/scissors_457.png,scissors
data/archive/rock/rock_582.png,rock
data/archive/scissors/scissors_754.png,scissors
data/archive/scissors/scissors_498.png,scissors
data/archive/paper/paper_132.png,paper
data/archive/scissors/scissors_293.png,scissors
data/archive/paper/paper_374.png,paper
data/archive/scissors/scissors_188.png,scissors
data/archive/paper/paper_596.png,paper
data/archive/rock/rock_141.png,rock
data/archive/scissors/scissors_894.png,scissors
data/archive/rock/rock_598.png,rock
data/archive/paper/paper_641.png,paper
data/archive/paper/paper_717.png,paper
data/archive/rock/rock_603.png,rock
data/archive/scissors/scissors_575.png,scissors
data/archive/paper/paper_836.png,paper
data/archive/rock/rock_154.png,rock
data/archive/scissors/scissors_577.png,scissors
data/archive/scissors/scissors_53.png,scissors
data/archive/paper/paper_350.png,paper
data/archive/rock/rock_370.png,rock
data/archive/rock/rock_703.png,rock
data/archive/rock/rock_848.png,rock
data/archive/paper/paper_257.png,paper
data/archive/rock/rock_289.png,rock
data/archive/rock/rock_25.png,rock
data/archive/rock/rock_532.png,rock
data/archive/paper/paper_540.png,paper
data/archive/scissors/scissors_414.png,scissors
data/archive/rock/rock_221.png,rock
data/archive/rock/rock_205.png,rock
data/archive/paper/paper_55.png,paper
data/archive/rock/rock_103.png,rock
data/archive/paper/paper_625.png,paper
data/archive/paper/paper_787.png,paper
data/archive/scissors/scissors_845.png,scissors
data/archive/scissors/scissors_829.png,scissors
data/archive/rock/rock_449.png,rock
data/archive/rock/rock_521.png,rock
data/archive/rock/rock_511.png,rock
data/archive/paper/paper_847.png,paper
data/archive/scissors/scissors_598.png,scissors
data/archive/scissors/scissors_703.png,scissors
data/archive/scissors/scissors_250.png,scissors
data/archive/rock/rock_717.png,rock
data/archive/rock/rock_773.png,rock
data/archive/scissors/scissors_493.png,scissors
data/archive/rock/rock_831.png,rock
data/archive/paper/paper_268.png,paper
data/archive/rock/rock_186.png,rock
data/archive/rock/rock_42.png,rock
data/archive/rock/rock_377.png,rock
data/archive/scissors/scissors_394.png,scissors
data/archive/scissors/scissors_41.png,scissors
data/archive/scissors/scissors_646.png,scissors
data/archive/scissors/scissors_659.png,scissors
data/archive/scissors/scissors_727.png,scissors
data/archive/scissors/scissors_844.png,scissors
data/archive/paper/paper_499.png,paper
data/archive/paper/paper_232.png,paper
data/archive/scissors/scissors_539.png,scissors
data/archive/rock/rock_416.png,rock
data/archive/paper/paper_791.png,paper
data/archive/rock/rock_566.png,rock
data/archive/rock/rock_156.png,rock
data/archive/paper/paper_66.png,paper
data/archive/paper/paper_50.png,paper
data/archive/scissors/scissors_779.png,scissors
data/archive/scissors/scissors_831.png,scissors
data/archive/scissors/scissors_795.png,scissors
data/archive/rock/rock_341.png,rock
data/archive/scissors/scissors_762.png,scissors
data/archive/rock/rock_315.png,rock
data/archive/paper/paper_541.png,paper
data/archive/scissors/scissors_246.png,scissors
data/archive/paper/paper_718.png,paper
data/archive/rock/rock_630.png,rock
data/archive/paper/paper_794.png,paper
data/archive/paper/paper_488.png,paper
data/archive/rock/rock_516.png,rock
data/archive/scissors/scissors_667.png,scissors
data/archive/paper/paper_79.png,paper
data/archive/scissors/scissors_141.png,scissors
data/archive/rock/rock_153.png,rock
data/archive/paper/paper_590.png,paper
data/archive/paper/paper_52.png,paper
data/archive/paper/paper_689.png,paper
data/archive/scissors/scissors_455.png,scissors
data/archive/paper/paper_284.png,paper
data/archive/rock/rock_829.png,rock
data/archive/rock/rock_755.png,rock
data/archive/scissors/scissors_48.png,scissors
data/archive/scissors/scissors_878.png,scissors
data/archive/rock/rock_642.png,rock
data/archive/scissors/scissors_346.png,scissors
data/archive/paper/paper_220.png,paper
data/archive/rock/rock_319.png,rock
data/archive/paper/paper_729.png,paper
data/archive/scissors/scissors_568.png,scissors
data/archive/scissors/scissors_701.png,scissors
data/archive/scissors/scissors_139.png,scissors
data/archive/paper/paper_661.png,paper
data/archive/paper/paper_863.png,paper
data/archive/paper/paper_766.png,paper
data/archive/paper/paper_219.png,paper
data/archive/rock/rock_253.png,rock
data/archive/scissors/scissors_496.png,scissors
data/archive/scissors/scissors_253.png,scissors
data/archive/rock/rock_155.png,rock
data/archive/paper/paper_270.png,paper
data/archive/paper/paper_290.png,paper
data/archive/scissors/scissors_814.png,scissors
data/archive/paper/paper_68.png,paper
data/archive/rock/rock_718.png,rock
data/archive/paper/paper_208.png,paper
data/archive/rock/rock_814.png,rock
data/archive/scissors/scissors_554.png,scissors
data/archive/paper/paper_597.png,paper
data/archive/paper/paper_575.png,paper
data/archive/rock/rock_884.png,rock
data/archive/paper/paper_735.png,paper
data/archive/paper/paper_773.png,paper
data/archive/paper/paper_865.png,paper
data/archive/paper/paper_556.png,paper
data/archive/rock/rock_309.png,rock
data/archive/paper/paper_75.png,paper
data/archive/scissors/scissors_502.png,scissors
data/archive/paper/paper_589.png,paper
data/archive/rock/rock_114.png,rock
data/archive/paper/paper_468.png,paper
data/archive/rock/rock_128.png,rock
data/archive/paper/paper_894.png,paper
data/archive/rock/rock_82.png,rock
data/archive/scissors/scissors_71.png,scissors
data/archive/rock/rock_317.png,rock
data/archive/scissors/scissors_456.png,scissors
data/archive/rock/rock_431.png,rock
data/archive/paper/paper_38.png,paper
data/archive/paper/paper_469.png,paper
data/archive/scissors/scissors_364.png,scissors
data/archive/scissors/scissors_143.png,scissors
data/archive/paper/paper_87.png,paper
data/archive/paper/paper_142.png,paper
data/archive/scissors/scissors_100.png,scissors
data/archive/rock/rock_325.png,rock
data/archive/rock/rock_664.png,rock
data/archive/rock/rock_808.png,rock
data/archive/scissors/scissors_576.png,scissors
data/archive/rock/rock_139.png,rock
data/archive/rock/rock_772.png,rock
data/archive/rock/rock_759.png,rock
data/archive/scissors/scissors_385.png,scissors
data/archive/paper/paper_353.png,paper
data/archive/scissors/scissors_838.png,scissors
data/archive/rock/rock_54.png,rock
data/archive/rock/rock_900.png,rock
data/archive/rock/rock_281.png,rock
data/archive/paper/paper_171.png,paper
data/archive/scissors/scissors_172.png,scissors
data/archive/paper/paper_59.png,paper
data/archive/paper/paper_550.png,paper
data/archive/scissors/scissors_166.png,scissors
data/archive/paper/paper_388.png,paper
data/archive/scissors/scissors_581.png,scissors
data/archive/paper/paper_497.png,paper
data/archive/scissors/scissors_78.png,scissors
data/archive/rock/rock_280.png,rock
data/archive/scissors/scissors_853.png,scissors
data/archive/paper/paper_338.png,paper
data/archive/scissors/scissors_600.png,scissors
data/archive/paper/paper_264.png,paper
data/archive/scissors/scissors_822.png,scissors
data/archive/scissors/scissors_344.png,scissors
data/archive/paper/paper_362.png,paper
data/archive/paper/paper_391.png,paper
data/archive/paper/paper_612.png,paper
data/archive/rock/rock_790.png,rock
data/archive/rock/rock_462.png,rock
data/archive/paper/paper_610.png,paper
data/archive/scissors/scissors_533.png,scissors
data/archive/scissors/scissors_75.png,scissors
data/archive/scissors/scissors_614.png,scissors
data/archive/rock/rock_553.png,rock
data/archive/rock/rock_644.png,rock
data/archive/paper/paper_512.png,paper
data/archive/paper/paper_892.png,paper
data/archive/rock/rock_80.png,rock
data/archive/rock/rock_815.png,rock
data/archive/paper/paper_246.png,paper
data/archive/rock/rock_611.png,rock
data/archive/rock/rock_882.png,rock
data/archive/rock/rock_171.png,rock
data/archive/paper/paper_724.png,paper
data/archive/rock/rock_733.png,rock
data/archive/rock/rock_531.png,rock
data/archive/paper/paper_295.png,paper
data/archive/paper/paper_14.png,paper
data/archive/paper/paper_818.png,paper
data/archive/rock/rock_418.png,rock
data/archive/scissors/scissors_818.png,scissors
data/archive/paper/paper_402.png,paper
data/archive/rock/rock_859.png,rock
data/archive/paper/paper_238.png,paper
data/archive/paper/paper_396.png,paper
data/archive/scissors/scissors_548.png,scissors
data/archive/scissors/scissors_318.png,scissors
data/archive/rock/rock_863.png,rock
data/archive/rock/rock_616.png,rock
data/archive/scissors/scissors_683.png,scissors
data/archive/paper/paper_131.png,paper
data/archive/scissors/scissors_610.png,scissors
data/archive/rock/rock_231.png,rock
data/archive/paper/paper_739.png,paper
data/archive/scissors/scissors_772.png,scissors
data/archive/paper/paper_801.png,paper
data/archive/rock/rock_590.png,rock
data/archive/rock/rock_771.png,rock
data/archive/rock/rock_490.png,rock
data/archive/scissors/scissors_801.png,scissors
data/archive/rock/rock_643.png,rock
data/archive/rock/rock_898.png,rock
data/archive/rock/rock_838.png,rock
data/archive/scissors/scissors_360.png,scissors
data/archive/rock/rock_146.png,rock
data/archive/paper/paper_5.png,paper
data/archive/rock/rock_425.png,rock
data/archive/rock/rock_865.png,rock
data/archive/scissors/scissors_451.png,scissors
data/archive/rock/rock_682.png,rock
data/archive/paper/paper_613.png,paper
data/archive/scissors/scissors_464.png,scissors
data/archive/paper/paper_551.png,paper
data/archive/rock/rock_569.png,rock
data/archive/scissors/scissors_536.png,scissors
data/archive/rock/rock_819.png,rock
data/archive/scissors/scissors_689.png,scissors
data/archive/paper/paper_407.png,paper
data/archive/scissors/scissors_140.png,scissors
data/archive/paper/paper_740.png,paper
data/archive/paper/paper_177.png,paper
data/archive/paper/paper_477.png,paper
data/archive/paper/paper_430.png,paper
data/archive/paper/paper_856.png,paper
data/archive/paper/paper_883.png,paper
data/archive/scissors/scissors_332.png,scissors
data/archive/rock/rock_599.png,rock
data/archive/scissors/scissors_309.png,scissors
data/archive/rock/rock_338.png,rock
data/archive/scissors/scissors_86.png,scissors
data/archive/rock/rock_126.png,rock
data/archive/scissors/scissors_857.png,scissors
data/archive/rock/rock_348.png,rock
data/archive/rock/rock_235.png,rock
data/archive/rock/rock_125.png,rock
data/archive/rock/rock_824.png,rock
data/archive/rock/rock_640.png,rock
data/archive/rock/rock_220.png,rock
data/archive/paper/paper_706.png,paper
data/archive/scissors/scissors_213.png,scissors
data/archive/scissors/scissors_69.png,scissors
data/archive/paper/paper_380.png,paper
data/archive/rock/rock_593.png,rock
data/archive/scissors/scissors_263.png,scissors
data/archive/rock/rock_577.png,rock
data/archive/scissors/scissors_806.png,scissors
data/archive/rock/rock_528.png,rock
data/archive/scissors/scissors_340.png,scissors
data/archive/scissors/scissors_773.png,scissors
data/archive/rock/rock_614.png,rock
data/archive/paper/paper_772.png,paper
data/archive/paper/paper_722.png,paper
data/archive/rock/rock_184.png,rock
data/archive/scissors/scissors_826.png,scissors
data/archive/rock/rock_274.png,rock
data/archive/paper/paper_834.png,paper
data/archive/rock/rock_157.png,rock
data/archive/rock/rock_258.png,rock
data/archive/scissors/scissors_534.png,scissors
data/archive/paper/paper_309.png,paper
data/archive/rock/rock_373.png,rock
data/archive/scissors/scissors_601.png,scissors
data/archive/paper/paper_666.png,paper
data/archive/rock/rock_56.png,rock
data/archive/rock/rock_573.png,rock
data/archive/scissors/scissors_617.png,scissors
data/archive/rock/rock_560.png,rock
data/archive/scissors/scissors_388.png,scissors
data/archive/paper/paper_370.png,paper
data/archive/rock/rock_795.png,rock
data/archive/rock/rock_818.png,rock
data/archive/rock/rock_185.png,rock
data/archive/scissors/scissors_724.png,scissors
data/archive/paper/paper_599.png,paper
data/archive/paper/paper_653.png,paper
data/archive/scissors/scissors_737.png,scissors
data/archive/scissors/scissors_621.png,scissors
data/archive/rock/rock_474.png,rock
data/archive/paper/paper_108.png,paper
data/archive/paper/paper_520.png,paper
data/archive/paper/paper_806.png,paper
data/archive/rock/rock_46.png,rock
data/archive/paper/paper_313.png,paper
data/archive/scissors/scissors_287.png,scissors
data/archive/rock/rock_697.png,rock
data/archive/rock/rock_28.png,rock
data/archive/scissors/scissors_902.png,scissors
data/archive/rock/rock_230.png,rock
data/archive/rock/rock_393.png,rock
data/archive/rock/rock_837.png,rock
data/archive/paper/paper_451.png,paper
data/archive/rock/rock_610.png,rock
data/archive/rock/rock_620.png,rock
data/archive/scissors/scissors_686.png,scissors
data/archive/rock/rock_612.png,rock
data/archive/paper/paper_617.png,paper
data/archive/rock/rock_284.png,rock
data/archive/paper/paper_381.png,paper
data/archive/paper/paper_744.png,paper
data/archive/paper/paper_532.png,paper
data/archive/paper/paper_751.png,paper
data/archive/scissors/scissors_736.png,scissors
data/archive/scissors/scissors_569.png,scissors
data/archive/rock/rock_625.png,rock
data/archive/scissors/scissors_903.png,scissors
data/archive/scissors/scissors_490.png,scissors
data/archive/scissors/scissors_472.png,scissors
data/archive/paper/paper_244.png,paper
data/archive/scissors/scissors_66.png,scissors
data/archive/scissors/scissors_615.png,scissors
data/archive/scissors/scissors_565.png,scissors
data/archive/paper/paper_644.png,paper
data/archive/rock/rock_872.png,rock
data/archive/scissors/scissors_442.png,scissors
data/archive/scissors/scissors_684.png,scissors
data/archive/paper/paper_611.png,paper
data/archive/rock/rock_342.png,rock
data/archive/scissors/scissors_755.png,scissors
data/archive/rock/rock_98.png,rock
data/archive/scissors/scissors_785.png,scissors
data/archive/scissors/scissors_64.png,scissors
data/archive/rock/rock_783.png,rock
data/archive/rock/rock_1.png,rock
data/archive/rock/rock_60.png,rock
data/archive/scissors/scissors_316.png,scissors
data/archive/scissors/scissors_416.png,scissors
data/archive/rock/rock_261.png,rock
data/archive/paper/paper_486.png,paper
data/archive/scissors/scissors_379.png,scissors
data/archive/scissors/scissors_567.png,scissors
data/archive/paper/paper_800.png,paper
data/archive/scissors/scissors_514.png,scissors
data/archive/rock/rock_585.png,rock
data/archive/rock/rock_358.png,rock
data/archive/scissors/scissors_483.png,scissors
data/archive/scissors/scissors_52.png,scissors
data/archive/rock/rock_793.png,rock
data/archive/rock/rock_295.png,rock
data/archive/scissors/scissors_38.png,scissors
data/archive/paper/paper_701.png,paper
data/archive/paper/paper_187.png,paper
data/archive/rock/rock_805.png,rock
data/archive/scissors/scissors_96.png,scissors
data/archive/scissors/scissors_50.png,scissors
data/archive/rock/rock_738.png,rock
data/archive/scissors/scissors_398.png,scissors
data/archive/scissors/scissors_304.png,scissors
data/archive/rock/rock_800.png,rock
data/archive/paper/paper_557.png,paper
data/archive/scissors/scissors_154.png,scissors
data/archive/scissors/scissors_476.png,scissors
data/archive/rock/rock_519.png,rock
data/archive/rock/rock_679.png,rock
data/archive/paper/paper_276.png,paper
data/archive/paper/paper_832.png,paper
data/archive/paper/paper_819.png,paper
data/archive/rock/rock_465.png,rock
data/archive/scissors/scissors_761.png,scissors
data/archive/scissors/scissors_535.png,scissors
data/archive/paper/paper_345.png,paper
data/archive/rock/rock_426.png,rock
data/archive/rock/rock_264.png,rock
data/archive/scissors/scissors_249.png,scissors
data/archive/scissors/scissors_423.png,scissors
data/archive/rock/rock_622.png,rock
data/archive/rock/rock_493.png,rock
data/archive/scissors/scissors_739.png,scissors
data/archive/paper/paper_650.png,paper
data/archive/paper/paper_505.png,paper
data/archive/scissors/scissors_445.png,scissors
data/archive/paper/paper_94.png,paper
data/archive/paper/paper_605.png,paper
data/archive/paper/paper_725.png,paper
data/archive/paper/paper_456.png,paper
data/archive/rock/rock_721.png,rock
data/archive/paper/paper_310.png,paper
data/archive/paper/paper_853.png,paper
data/archive/scissors/scissors_65.png,scissors
data/archive/rock/rock_101.png,rock
data/archive/scissors/scissors_268.png,scissors
data/archive/rock/rock_271.png,rock
data/archive/paper/paper_627.png,paper
data/archive/scissors/scissors_566.png,scissors
data/archive/rock/rock_170.png,rock
data/archive/rock/rock_457.png,rock
data/archive/scissors/scissors_430.png,scissors
data/archive/rock/rock_389.png,rock
data/archive/rock/rock_776.png,rock
data/archive/rock/rock_731.png,rock
data/archive/paper/paper_677.png,paper
data/archive/rock/rock_850.png,rock
data/archive/rock/rock_79.png,rock
data/archive/paper/paper_85.png,paper
data/archive/paper/paper_340.png,paper
data/archive/scissors/scissors_692.png,scissors
data/archive/rock/rock_844.png,rock
data/archive/paper/paper_10.png,paper
data/archive/rock/rock_456.png,rock
data/archive/scissors/scissors_428.png,scissors
data/archive/paper/paper_97.png,paper
data/archive/rock/rock_907.png,rock
data/archive/scissors/scissors_652.png,scissors
data/archive/scissors/scissors_348.png,scissors
data/archive/scissors/scissors_26.png,scissors
data/archive/scissors/scissors_406.png,scissors
data/archive/rock/rock_843.png,rock
data/archive/paper/paper_297.png,paper
data/archive/paper/paper_591.png,paper
data/archive/scissors/scissors_825.png,scissors
data/archive/paper/paper_771.png,paper
data/archive/paper/paper_7.png,paper
data/archive/paper/paper_582.png,paper
data/archive/rock/rock_570.png,rock
data/archive/scissors/scissors_798.png,scissors
data/archive/rock/rock_822.png,rock
data/archive/rock/rock_860.png,rock
data/archive/paper/paper_442.png,paper
data/archive/paper/paper_452.png,paper
data/archive/scissors/scissors_353.png,scissors
data/archive/scissors/scissors_67.png,scissors
data/archive/scissors/scissors_555.png,scissors
data/archive/rock/rock_134.png,rock
data/archive/paper/paper_162.png,paper
data/archive/scissors/scissors_865.png,scissors
data/archive/scissors/scissors_323.png,scissors
data/archive/rock/rock_580.png,rock
data/archive/paper/paper_83.png,paper
data/archive/paper/paper_319.png,paper
data/archive/scissors/scissors_828.png,scissors
data/archive/rock/rock_267.png,rock
data/archive/paper/paper_770.png,paper
data/archive/scissors/scissors_175.png,scissors
data/archive/scissors/scissors_550.png,scissors
data/archive/scissors/scissors_789.png,scissors
data/archive/scissors/scissors_312.png,scissors
data/archive/rock/rock_34.png,rock
data/archive/paper/paper_363.png,paper
data/archive/rock/rock_596.png,rock
data/archive/paper/paper_882.png,paper
data/archive/rock/rock_613.png,rock
data/archive/rock/rock_108.png,rock
data/archive/scissors/scissors_23.png,scissors
data/archive/scissors/scissors_44.png,scissors
data/archive/rock/rock_381.png,rock
data/archive/scissors/scissors_473.png,scissors
data/archive/scissors/scissors_777.png,scissors
data/archive/paper/paper_565.png,paper
data/archive/paper/paper_648.png,paper
data/archive/paper/paper_843.png,paper
data/archive/rock/rock_357.png,rock
data/archive/scissors/scissors_334.png,scissors
data/archive/scissors/scissors_553.png,scissors
data/archive/rock/rock_748.png,rock
data/archive/paper/paper_501.png,paper
data/archive/rock/rock_68.png,rock
data/archive/rock/rock_847.png,rock
data/archive/paper/paper_92.png,paper
data/archive/rock/rock_209.png,rock
data/archive/rock/rock_550.png,rock
data/archive/paper/paper_329.png,paper
data/archive/scissors/scissors_630.png,scissors
data/archive/rock/rock_69.png,rock
data/archive/rock/rock_455.png,rock
data/archive/rock/rock_53.png,rock
data/archive/scissors/scissors_556.png,scissors
data/archive/scissors/scissors_331.png,scissors
data/archive/rock/rock_312.png,rock
data/archive/scissors/scissors_640.png,scissors
data/archive/scissors/scissors_326.png,scissors
data/archive/paper/paper_90.png,paper
data/archive/paper/paper_767.png,paper
data/archive/scissors/scissors_655.png,scissors
data/archive/paper/paper_438.png,paper
data/archive/scissors/scissors_711.png,scissors
data/archive/rock/rock_701.png,rock
data/archive/rock/rock_244.png,rock
data/archive/scissors/scissors_320.png,scissors
data/archive/rock/rock_663.png,rock
data/archive/rock/rock_437.png,rock
data/archive/paper/paper_902.png,paper
data/archive/scissors/scissors_351.png,scissors
data/archive/paper/paper_728.png,paper
data/archive/scissors/scissors_201.png,scissors
data/archive/paper/paper_482.png,paper
data/archive/rock/rock_38.png,rock
data/archive/paper/paper_51.png,paper
data/archive/paper/paper_670.png,paper
data/archive/rock/rock_121.png,rock
data/archive/paper/paper_750.png,paper
data/archive/rock/rock_886.png,rock
data/archive/scissors/scissors_516.png,scissors
data/archive/paper/paper_685.png,paper
data/archive/scissors/scissors_29.png,scissors
data/archive/rock/rock_597.png,rock
data/archive/scissors/scissors_782.png,scissors
data/archive/rock/rock_148.png,rock
data/archive/scissors/scissors_14.png,scissors
data/archive/scissors/scissors_136.png,scissors
data/archive/paper/paper_180.png,paper
data/archive/rock/rock_104.png,rock
data/archive/scissors/scissors_70.png,scissors
data/archive/rock/rock_849.png,rock
data/archive/paper/paper_254.png,paper
data/archive/paper/paper_657.png,paper
data/archive/rock/rock_729.png,rock
data/archive/paper/paper_797.png,paper
data/archive/rock/rock_144.png,rock
data/archive/scissors/scissors_159.png,scissors
data/archive/rock/rock_452.png,rock
data/archive/scissors/scissors_135.png,scissors
data/archive/paper/paper_214.png,paper
data/archive/rock/rock_81.png,rock
data/archive/paper/paper_150.png,paper
data/archive/scissors/scissors_725.png,scissors
data/archive/scissors/scissors_252.png,scissors
data/archive/paper/paper_234.png,paper
data/archive/paper/paper_672.png,paper
data/archive/paper/paper_217.png,paper
data/archive/rock/rock_513.png,rock
data/archive/rock/rock_127.png,rock
data/archive/scissors/scissors_377.png,scissors
data/archive/scissors/scissors_485.png,scissors
data/archive/paper/paper_796.png,paper
data/archive/paper/paper_553.png,paper
data/archive/paper/paper_866.png,paper
data/archive/paper/paper_279.png,paper
data/archive/scissors/scissors_765.png,scissors
data/archive/scissors/scissors_83.png,scissors
data/archive/scissors/scissors_425.png,scissors
data/archive/rock/rock_548.png,rock
data/archive/paper/paper_884.png,paper
data/archive/scissors/scissors_709.png,scissors
data/archive/scissors/scissors_837.png,scissors
data/archive/paper/paper_366.png,paper
data/archive/scissors/scissors_750.png,scissors
data/archive/paper/paper_152.png,paper
data/archive/paper/paper_44.png,paper
data/archive/scissors/scissors_887.png,scissors
data/archive/rock/rock_436.png,rock
data/archive/paper/paper_755.png,paper
data/archive/scissors/scissors_891.png,scissors
data/archive/scissors/scissors_745.png,scissors
data/archive/paper/paper_143.png,paper
data/archive/rock/rock_711.png,rock
data/archive/rock/rock_214.png,rock
data/archive/paper/paper_513.png,paper
data/archive/rock/rock_93.png,rock
data/archive/rock/rock_62.png,rock
data/archive/paper/paper_571.png,paper
data/archive/scissors/scissors_278.png,scissors
data/archive/scissors/scissors_746.png,scissors
data/archive/paper/paper_296.png,paper
data/archive/paper/paper_223.png,paper
data/archive/paper/paper_304.png,paper
data/archive/rock/rock_529.png,rock
data/archive/scissors/scissors_72.png,scissors
data/archive/paper/paper_602.png,paper
data/archive/paper/paper_891.png,paper
data/archive/rock/rock_897.png,rock
data/archive/paper/paper_235.png,paper
data/archive/scissors/scissors_657.png,scissors
data/archive/paper/paper_11.png,paper
data/archive/scissors/scissors_227.png,scissors
data/archive/rock/rock_6.png,rock
data/archive/rock/rock_485.png,rock
data/archive/paper/paper_67.png,paper
data/archive/rock/rock_575.png,rock
data/archive/paper/paper_850.png,paper
data/archive/scissors/scissors_796.png,scissors
data/archive/rock/rock_798.png,rock
data/archive/scissors/scissors_524.png,scissors
data/archive/paper/paper_383.png,paper
data/archive/rock/rock_689.png,rock
data/archive/paper/paper_98.png,paper
data/archive/scissors/scissors_122.png,scissors
data/archive/scissors/scissors_447.png,scissors
data/archive/paper/paper_858.png,paper
data/archive/paper/paper_699.png,paper
data/archive/rock/rock_491.png,rock
data/archive/rock/rock_591.png,rock
data/archive/scissors/scissors_704.png,scissors
data/archive/scissors/scissors_333.png,scissors
data/archive/paper/paper_372.png,paper
data/archive/scissors/scissors_158.png,scissors
data/archive/paper/paper_269.png,paper
data/archive/scissors/scissors_297.png,scissors
data/archive/scissors/scissors_185.png,scissors
data/archive/scissors/scissors_319.png,scissors
data/archive/rock/rock_899.png,rock
data/archive/scissors/scissors_97.png,scissors
data/archive/paper/paper_727.png,paper
data/archive/rock/rock_206.png,rock
data/archive/rock/rock_681.png,rock
data/archive/scissors/scissors_410.png,scissors
data/archive/rock/rock_810.png,rock
data/archive/scissors/scissors_757.png,scissors
data/archive/paper/paper_333.png,paper
data/archive/scissors/scissors_835.png,scissors
data/archive/rock/rock_715.png,rock
data/archive/paper/paper_449.png,paper
data/archive/scissors/scissors_685.png,scissors
data/archive/rock/rock_49.png,rock
data/archive/rock/rock_444.png,rock
data/archive/scissors/scissors_559.png,scissors
data/archive/paper/paper_690.png,paper
data/archive/scissors/scissors_625.png,scissors
data/archive/scissors/scissors_504.png,scissors
data/archive/scissors/scissors_874.png,scissors
data/archive/rock/rock_803.png,rock
data/archive/paper/paper_783.png,paper
data/archive/paper/paper_146.png,paper
data/archive/paper/paper_213.png,paper
data/archive/scissors/scissors_84.png,scissors
data/archive/rock/rock_374.png,rock
data/archive/rock/rock_375.png,rock
data/archive/scissors/scissors_784.png,scissors
data/archive/paper/paper_712.png,paper
data/archive/paper/paper_60.png,paper
data/archive/rock/rock_571.png,rock
data/archive/paper/paper_555.png,paper
data/archive/paper/paper_307.png,paper
data/archive/scissors/scissors_421.png,scissors
data/archive/rock/rock_605.png,rock
data/archive/paper/paper_314.png,paper
data/archive/rock/rock_463.png,rock
data/archive/paper/paper_896.png,paper
data/archive/scissors/scissors_437.png,scissors
data/archive/rock/rock_671.png,rock
data/archive/scissors/scissors_538.png,scissors
data/archive/rock/rock_386.png,rock
data/archive/rock/rock_604.png,rock
data/archive/scissors/scissors_387.png,scissors
data/archive/paper/paper_240.png,paper
data/archive/scissors/scissors_220.png,scissors
data/archive/scissors/scissors_120.png,scissors
data/archive/scissors/scissors_888.png,scissors
data/archive/rock/rock_707.png,rock
data/archive/scissors/scissors_384.png,scissors
data/archive/rock/rock_502.png,rock
data/archive/rock/rock_787.png,rock
data/archive/rock/rock_694.png,rock
data/archive/rock/rock_218.png,rock
data/archive/paper/paper_820.png,paper
data/archive/scissors/scissors_358.png,scissors
data/archive/scissors/scissors_642.png,scissors
data/archive/paper/paper_720.png,paper
data/archive/rock/rock_275.png,rock
data/archive/paper/paper_119.png,paper
data/archive/scissors/scissors_880.png,scissors
data/archive/scissors/scissors_383.png,scissors
data/archive/scissors/scissors_368.png,scissors
data/archive/paper/paper_845.png,paper
data/archive/scissors/scissors_167.png,scissors
data/archive/scissors/scissors_33.png,scissors
data/archive/paper/paper_435.png,paper
data/archive/rock/rock_894.png,rock
data/archive/scissors/scissors_885.png,scissors
data/archive/rock/rock_454.png,rock
data/archive/rock/rock_507.png,rock
data/archive/rock/rock_523.png,rock
data/archive/rock/rock_346.png,rock
data/archive/scissors/scissors_11.png,scissors
data/archive/paper/paper_805.png,paper
data/archive/rock/rock_385.png,rock
data/archive/rock/rock_726.png,rock
data/archive/paper/paper_813.png,paper
data/archive/scissors/scissors_783.png,scissors
data/archive/paper/paper_65.png,paper
data/archive/paper/paper_138.png,paper
data/archive/paper/paper_474.png,paper
data/archive/scissors/scissors_453.png,scissors
data/archive/rock/rock_544.png,rock
data/archive/scissors/scissors_267.png,scissors
data/archive/scissors/scissors_115.png,scissors
data/archive/rock/rock_704.png,rock
data/archive/rock/rock_888.png,rock
data/archive/rock/rock_636.png,rock
data/archive/scissors/scissors_47.png,scissors
data/archive/paper/paper_275.png,paper
data/archive/rock/rock_410.png,rock
data/archive/rock/rock_136.png,rock
data/archive/scissors/scissors_89.png,scissors
data/archive/rock/rock_874.png,rock
data/archive/scissors/scissors_299.png,scissors
data/archive/rock/rock_693.png,rock
data/archive/paper/paper_559.png,paper
data/archive/rock/rock_839.png,rock
data/archive/scissors/scissors_248.png,scissors
data/archive/rock/rock_251.png,rock
data/archive/rock/rock_534.png,rock
data/archive/paper/paper_901.png,paper
data/archive/scissors/scissors_173.png,scissors
data/archive/paper/paper_286.png,paper
data/archive/rock/rock_423.png,rock
data/archive/paper/paper_838.png,paper
data/archive/rock/rock_111.png,rock
data/archive/paper/paper_373.png,paper
data/archive/paper/paper_9.png,paper
data/archive/rock/rock_833.png,rock
data/archive/scissors/scissors_606.png,scissors
data/archive/rock/rock_36.png,rock
data/archive/rock/rock_117.png,rock
data/archive/scissors/scissors_405.png,scissors
data/archive/rock/rock_92.png,rock
data/archive/scissors/scissors_582.png,scissors
data/archive/paper/paper_715.png,paper
data/archive/rock/rock_326.png,rock
data/archive/paper/paper_652.png,paper
data/archive/rock/rock_199.png,rock
data/archive/scissors/scissors_672.png,scissors
data/archive/scissors/scissors_792.png,scissors
data/archive/paper/paper_900.png,paper
data/archive/rock/rock_746.png,rock
data/archive/scissors/scissors_863.png,scissors
data/archive/scissors/scissors_271.png,scissors
data/archive/scissors/scissors_591.png,scissors
data/archive/scissors/scissors_810.png,scissors
data/archive/paper/paper_231.png,paper
data/archive/paper/paper_255.png,paper
data/archive/paper/paper_225.png,paper
data/archive/scissors/scissors_497.png,scissors
data/archive/scissors/scissors_39.png,scissors
data/archive/rock/rock_742.png,rock
data/archive/paper/paper_759.png,paper
data/archive/scissors/scissors_157.png,scissors
data/archive/rock/rock_668.png,rock
data/archive/scissors/scissors_294.png,scissors
data/archive/scissors/scissors_900.png,scissors
data/archive/rock/rock_659.png,rock
data/archive/paper/paper_444.png,paper
data/archive/scissors/scissors_238.png,scissors
data/archive/paper/paper_713.png,paper
data/archive/scissors/scissors_24.png,scissors
data/archive/rock/rock_124.png,rock
data/archive/rock/rock_327.png,rock
data/archive/rock/rock_905.png,rock
data/archive/rock/rock_383.png,rock
data/archive/scissors/scissors_842.png,scissors
data/archive/rock/rock_64.png,rock
data/archive/paper/paper_394.png,paper
data/archive/paper/paper_578.png,paper
data/archive/paper/paper_857.png,paper
data/archive/rock/rock_71.png,rock
data/archive/scissors/scissors_518.png,scissors
data/archive/rock/rock_522.png,rock
data/archive/scissors/scissors_372.png,scissors
data/archive/rock/rock_880.png,rock
data/archive/scissors/scissors_481.png,scissors
data/archive/scissors/scissors_599.png,scissors
data/archive/scissors/scissors_469.png,scissors
data/archive/scissors/scissors_876.png,scissors
data/archive/paper/paper_31.png,paper
data/archive/rock/rock_554.png,rock
data/archive/scissors/scissors_147.png,scissors
data/archive/scissors/scissors_889.png,scissors
data/archive/rock/rock_78.png,rock
data/archive/paper/paper_2.png,paper
data/archive/scissors/scissors_632.png,scissors
data/archive/scissors/scissors_186.png,scissors
data/archive/paper/paper_635.png,paper
data/archive/paper/paper_241.png,paper
data/archive/rock/rock_536.png,rock
data/archive/paper/paper_134.png,paper
data/archive/scissors/scissors_168.png,scissors
data/archive/rock/rock_864.png,rock
data/archive/scissors/scissors_5.png,scissors
data/archive/scissors/scissors_811.png,scissors
data/archive/scissors/scissors_753.png,scissors
data/archive/paper/paper_702.png,paper
data/archive/rock/rock_809.png,rock
data/archive/paper/paper_698.png,paper
data/archive/scissors/scissors_352.png,scissors
data/archive/paper/paper_647.png,paper
data/archive/paper/paper_704.png,paper
data/archive/rock/rock_509.png,rock
data/archive/paper/paper_769.png,paper
data/archive/scissors/scissors_583.png,scissors
data/archive/paper/paper_185.png,paper
data/archive/paper/paper_318.png,paper
data/archive/rock/rock_904.png,rock
data/archive/paper/paper_823.png,paper
data/archive/paper/paper_27.png,paper
data/archive/scissors/scissors_881.png,scissors
data/archive/scissors/scissors_815.png,scissors
data/archive/rock/rock_448.png,rock
data/archive/scissors/scissors_778.png,scissors
data/archive/scissors/scissors_338.png,scissors
data/archive/paper/paper_906.png,paper
data/archive/rock/rock_322.png,rock
data/archive/scissors/scissors_751.png,scissors
data/archive/scissors/scissors_561.png,scissors
data/archive/paper/paper_654.png,paper
data/archive/paper/paper_211.png,paper
data/archive/rock/rock_334.png,rock
data/archive/rock/rock_45.png,rock
data/archive/scissors/scissors_378.png,scissors
data/archive/rock/rock_889.png,rock
data/archive/paper/paper_903.png,paper
data/archive/paper/paper_609.png,paper
data/archive/rock/rock_50.png,rock
data/archive/paper/paper_703.png,paper
data/archive/scissors/scissors_560.png,scissors
data/archive/scissors/scissors_702.png,scissors
data/archive/rock/rock_557.png,rock
data/archive/scissors/scissors_786.png,scissors
data/archive/paper/paper_580.png,paper
data/archive/paper/paper_777.png,paper
data/archive/scissors/scissors_178.png,scissors
data/archive/scissors/scissors_77.png,scissors
data/archive/rock/rock_433.png,rock
data/archive/paper/paper_82.png,paper
data/archive/rock/rock_816.png,rock
data/archive/paper/paper_668.png,paper
data/archive/paper/paper_129.png,paper
data/archive/scissors/scissors_436.png,scissors
data/archive/scissors/scissors_768.png,scissors
data/archive/scissors/scissors_812.png,scissors
data/archive/rock/rock_559.png,rock
data/archive/paper/paper_608.png,paper
data/archive/scissors/scissors_215.png,scissors
data/archive/rock/rock_203.png,rock
data/archive/scissors/scissors_650.png,scissors
data/archive/paper/paper_22.png,paper
data/archive/paper/paper_414.png,paper
data/archive/scissors/scissors_45.png,scissors
data/archive/scissors/scissors_229.png,scissors
data/archive/paper/paper_745.png,paper
data/archive/paper/paper_351.png,paper
data/archive/scissors/scissors_43.png,scissors
data/archive/scissors/scissors_424.png,scissors
data/archive/rock/rock_158.png,rock
data/archive/scissors/scissors_680.png,scissors
data/archive/scissors/scissors_58.png,scissors
data/archive/rock/rock_893.png,rock
data/archive/rock/rock_792.png,rock
data/archive/scissors/scissors_369.png,scissors
data/archive/scissors/scissors_890.png,scissors
data/archive/scissors/scissors_740.png,scissors
data/archive/rock/rock_732.png,rock
data/archive/paper/paper_461.png,paper
data/archive/paper/paper_203.png,paper
data/archive/paper/paper_598.png,paper
data/archive/rock/rock_473.png,rock
data/archive/scissors/scissors_265.png,scissors
data/archive/rock/rock_853.png,rock
data/archive/scissors/scissors_298.png,scissors
data/archive/scissors/scissors_35.png,scissors
data/archive/scissors/scissors_438.png,scissors
data/archive/scissors/scissors_593.png,scissors
data/archive/paper/paper_265.png,paper
data/archive/scissors/scissors_823.png,scissors
data/archive/rock/rock_287.png,rock
data/archive/paper/paper_315.png,paper
data/archive/scissors/scissors_28.png,scissors
data/archive/scissors/scissors_641.png,scissors
data/archive/rock/rock_869.png,rock
data/archive/rock/rock_333.png,rock
data/archive/paper/paper_736.png,paper
data/archive/rock/rock_725.png,rock
data/archive/scissors/scissors_691.png,scissors
data/archive/rock/rock_545.png,rock
data/archive/paper/paper_303.png,paper
data/archive/scissors/scissors_767.png,scissors
data/archive/paper/paper_160.png,paper
data/archive/scissors/scissors_678.png,scissors
data/archive/scissors/scissors_161.png,scissors
data/archive/scissors/scissors_824.png,scissors
data/archive/rock/rock_112.png,rock
data/archive/paper/paper_424.png,paper
data/archive/rock/rock_106.png,rock
data/archive/paper/paper_682.png,paper
data/archive/scissors/scissors_623.png,scissors
data/archive/paper/paper_639.png,paper
data/archive/rock/rock_22.png,rock
data/archive/scissors/scissors_665.png,scissors
data/archive/paper/paper_473.png,paper
data/archive/rock/rock_789.png,rock
data/archive/paper/paper_105.png,paper
data/archive/rock/rock_263.png,rock
data/archive/scissors/scissors_816.png,scissors
data/archive/rock/rock_90.png,rock
data/archive/rock/rock_700.png,rock
data/archive/paper/paper_534.png,paper
data/archive/paper/paper_321.png,paper
data/archive/scissors/scissors_279.png,scissors
data/archive/paper/paper_188.png,paper
data/archive/scissors/scissors_193.png,scissors
data/archive/paper/paper_339.png,paper
data/archive/rock/rock_323.png,rock
data/archive/rock/rock_181.png,rock
data/archive/rock/rock_118.png,rock
data/archive/paper/paper_18.png,paper
data/archive/rock/rock_489.png,rock
data/archive/scissors/scissors_551.png,scissors
data/archive/scissors/scissors_549.png,scissors
data/archive/scissors/scissors_226.png,scissors
data/archive/rock/rock_403.png,rock
data/archive/scissors/scissors_705.png,scissors
data/archive/rock/rock_65.png,rock
data/archive/rock/rock_242.png,rock
data/archive/scissors/scissors_749.png,scissors
data/archive/rock/rock_906.png,rock
data/archive/rock/rock_541.png,rock
data/archive/paper/paper_615.png,paper
data/archive/paper/paper_422.png,paper
data/archive/paper/paper_498.png,paper
data/archive/scissors/scissors_487.png,scissors
data/archive/rock/rock_364.png,rock
data/archive/paper/paper_510.png,paper
data/archive/rock/rock_552.png,rock
data/archive/scissors/scissors_663.png,scissors
data/archive/scissors/scissors_302.png,scissors
data/archive/scissors/scissors_311.png,scissors
data/archive/rock/rock_518.png,rock
data/archive/paper/paper_417.png,paper
data/archive/scissors/scissors_791.png,scissors
data/archive/paper/paper_716.png,paper
data/archive/rock/rock_278.png,rock
data/archive/rock/rock_855.png,rock
data/archive/paper/paper_811.png,paper
data/archive/rock/rock_871.png,rock
data/archive/paper/paper_1.png,paper
data/archive/paper/paper_600.png,paper
data/archive/paper/paper_176.png,paper
data/archive/paper/paper_692.png,paper
data/archive/paper/paper_77.png,paper
data/archive/scissors/scissors_735.png,scissors
data/archive/paper/paper_479.png,paper
data/archive/paper/paper_821.png,paper
data/archive/rock/rock_430.png,rock
data/archive/scissors/scissors_629.png,scissors
data/archive/paper/paper_779.png,paper
data/archive/rock/rock_67.png,rock
data/archive/paper/paper_564.png,paper
data/archive/scissors/scissors_243.png,scissors
data/archive/paper/paper_324.png,paper
data/archive/paper/paper_560.png,paper
data/archive/paper/paper_272.png,paper
data/archive/paper/paper_147.png,paper
data/archive/rock/rock_626.png,rock
data/archive/scissors/scissors_588.png,scissors
data/archive/paper/paper_367.png,paper
data/archive/rock/rock_365.png,rock
data/archive/paper/paper_579.png,paper
data/archive/rock/rock_851.png,rock
data/archive/scissors/scissors_793.png,scissors
data/archive/scissors/scissors_780.png,scissors
data/archive/scissors/scissors_450.png,scissors
data/archive/rock/rock_724.png,rock
data/archive/paper/paper_198.png,paper
data/archive/scissors/scissors_872.png,scissors
data/archive/rock/rock_414.png,rock
data/archive/scissors/scissors_656.png,scissors
data/archive/paper/paper_32.png,paper
data/archive/scissors/scissors_859.png,scissors
data/archive/rock/rock_176.png,rock
data/archive/paper/paper_283.png,paper
data/archive/scissors/scissors_639.png,scissors
data/archive/rock/rock_266.png,rock
data/archive/scissors/scissors_738.png,scissors
data/archive/paper/paper_193.png,paper
data/archive/rock/rock_354.png,rock
data/archive/paper/paper_440.png,paper
data/archive/scissors/scissors_506.png,scissors
data/archive/paper/paper_3.png,paper
data/archive/paper/paper_109.png,paper
data/archive/scissors/scissors_341.png,scissors
data/archive/rock/rock_639.png,rock
data/archive/scissors/scissors_760.png,scissors
data/archive/paper/paper_115.png,paper
data/archive/rock/rock_823.png,rock
data/archive/rock/rock_328.png,rock
data/archive/paper/paper_714.png,paper
data/archive/scissors/scissors_118.png,scissors
data/archive/paper/paper_467.png,paper
data/archive/paper/paper_459.png,paper
data/archive/scissors/scissors_328.png,scissors
data/archive/rock/rock_318.png,rock
data/archive/rock/rock_175.png,rock
data/archive/scissors/scissors_719.png,scissors
data/archive/paper/paper_793.png,paper
data/archive/scissors/scissors_63.png,scissors
data/archive/scissors/scissors_13.png,scissors
data/archive/rock/rock_890.png,rock
data/archive/rock/rock_427.png,rock
data/archive/rock/rock_183.png,rock
data/archive/scissors/scissors_101.png,scissors
data/archive/rock/rock_172.png,rock
data/archive/paper/paper_413.png,paper
data/archive/rock/rock_765.png,rock
data/archive/paper/paper_29.png,paper
data/archive/scissors/scissors_529.png,scissors
data/archive/rock/rock_306.png,rock
data/archive/rock/rock_461.png,rock
data/archive/paper/paper_628.png,paper
data/archive/rock/rock_96.png,rock
data/archive/rock/rock_648.png,rock
data/archive/paper/paper_734.png,paper
data/archive/scissors/scissors_579.png,scissors
data/archive/rock/rock_279.png,rock
data/archive/paper/paper_221.png,paper
data/archive/paper/paper_41.png,paper
data/archive/scissors/scissors_427.png,scissors
data/archive/rock/rock_353.png,rock
data/archive/rock/rock_883.png,rock
data/archive/paper/paper_201.png,paper
data/archive/scissors/scissors_855.png,scissors
data/archive/scissors/scissors_111.png,scissors
data/archive/rock/rock_99.png,rock
data/archive/rock/rock_75.png,rock
data/archive/rock/rock_565.png,rock
data/archive/paper/paper_761.png,paper
data/archive/paper/paper_634.png,paper
data/archive/scissors/scissors_321.png,scissors
data/archive/scissors/scissors_540.png,scissors
data/archive/scissors/scissors_109.png,scissors
data/archive/paper/paper_774.png,paper
data/archive/scissors/scissors_731.png,scissors
data/archive/rock/rock_196.png,rock
data/archive/paper/paper_120.png,paper
data/archive/rock/rock_875.png,rock
data/archive/paper/paper_618.png,paper
data/archive/scissors/scissors_854.png,scissors
data/archive/rock/rock_145.png,rock
data/archive/scissors/scissors_174.png,scissors
data/archive/paper/paper_253.png,paper
data/archive/scissors/scissors_7.png,scissors
data/archive/paper/paper_72.png,paper
data/archive/paper/paper_40.png,paper
data/archive/paper/paper_228.png,paper
data/archive/paper/paper_691.png,paper
data/archive/rock/rock_533.png,rock
data/archive/rock/rock_359.png,rock
data/archive/rock/rock_480.png,rock
data/archive/paper/paper_862.png,paper
data/archive/paper/paper_632.png,paper
data/archive/paper/paper_688.png,paper
data/archive/paper/paper_879.png,paper
data/archive/rock/rock_163.png,rock
data/archive/scissors/scissors_361.png,scissors
data/archive/paper/paper_397.png,paper
data/archive/rock/rock_419.png,rock
data/archive/paper/paper_28.png,paper
data/archive/scissors/scissors_658.png,scissors
data/archive/paper/paper_554.png,paper
data/archive/rock/rock_384.png,rock
data/archive/rock/rock_832.png,rock
data/archive/scissors/scissors_314.png,scissors
data/archive/scissors/scissors_512.png,scissors
data/archive/rock/rock_628.png,rock
data/archive/rock/rock_368.png,rock
data/archive/rock/rock_401.png,rock
data/archive/paper/paper_496.png,paper
data/archive/scissors/scissors_49.png,scissors
data/archive/scissors/scissors_441.png,scissors
data/archive/paper/paper_472.png,paper
data/archive/rock/rock_182.png,rock
data/archive/scissors/scissors_163.png,scissors
data/archive/scissors/scissors_628.png,scissors
data/archive/paper/paper_168.png,paper
data/archive/scissors/scissors_112.png,scissors
data/archive/scissors/scissors_901.png,scissors
data/archive/paper/paper_74.png,paper
data/archive/rock/rock_115.png,rock
data/archive/rock/rock_91.png,rock
data/archive/paper/paper_854.png,paper
data/archive/scissors/scissors_132.png,scissors
data/archive/paper/paper_153.png,paper
data/archive/scissors/scissors_400.png,scissors
data/archive/rock/rock_556.png,rock
data/archive/scissors/scissors_662.png,scissors
data/archive/scissors/scissors_181.png,scissors
data/archive/scissors/scissors_675.png,scissors
data/archive/rock/rock_397.png,rock
data/archive/scissors/scissors_596.png,scissors
data/archive/scissors/scissors_90.png,scissors
data/archive/paper/paper_671.png,paper
data/archive/scissors/scissors_869.png,scissors
data/archive/rock/rock_749.png,rock
data/archive/paper/paper_322.png,paper
data/archive/rock/rock_188.png,rock
data/archive/paper/paper_344.png,paper
data/archive/rock/rock_4.png,rock
data/archive/scissors/scissors_200.png,scissors
data/archive/rock/rock_305.png,rock
data/archive/rock/rock_661.png,rock
data/archive/rock/rock_684.png,rock
data/archive/scissors/scissors_651.png,scissors
data/archive/paper/paper_8.png,paper
data/archive/paper/paper_328.png,paper
data/archive/paper/paper_531.png,paper
data/archive/scissors/scissors_95.png,scissors
data/archive/rock/rock_227.png,rock
data/archive/scissors/scissors_452.png,scissors
data/archive/scissors/scissors_807.png,scissors
data/archive/paper/paper_768.png,paper
data/archive/rock/rock_450.png,rock
data/archive/rock/rock_192.png,rock
data/archive/scissors/scissors_363.png,scissors
data/archive/rock/rock_506.png,rock
data/archive/scissors/scissors_643.png,scissors
data/archive/rock/rock_151.png,rock
data/archive/rock/rock_169.png,rock
data/archive/rock/rock_730.png,rock
data/archive/paper/paper_76.png,paper
data/archive/paper/paper_12.png,paper
data/archive/scissors/scissors_871.png,scissors
data/archive/rock/rock_379.png,rock
data/archive/paper/paper_164.png,paper
data/archive/scissors/scissors_289.png,scissors
data/archive/rock/rock_361.png,rock
data/archive/rock/rock_301.png,rock
data/archive/rock/rock_292.png,rock
data/archive/rock/rock_217.png,rock
data/archive/scissors/scissors_813.png,scissors
data/archive/scissors/scissors_411.png,scissors
data/archive/paper/paper_760.png,paper
data/archive/rock/rock_627.png,rock
data/archive/paper/paper_99.png,paper
data/archive/paper/paper_621.png,paper
data/archive/paper/paper_478.png,paper
data/archive/paper/paper_330.png,paper
data/archive/rock/rock_737.png,rock
data/archive/paper/paper_107.png,paper
data/archive/rock/rock_501.png,rock
data/archive/rock/rock_574.png,rock
data/archive/paper/paper_298.png,paper
data/archive/scissors/scissors_151.png,scissors
data/archive/paper/paper_61.png,paper
data/archive/rock/rock_249.png,rock
data/archive/rock/rock_879.png,rock
data/archive/scissors/scissors_16.png,scissors
data/archive/scissors/scissors_257.png,scissors
data/archive/paper/paper_393.png,paper
data/archive/rock/rock_667.png,rock
data/archive/rock/rock_94.png,rock
data/archive/rock/rock_260.png,rock
data/archive/scissors/scissors_634.png,scissors
data/archive/paper/paper_365.png,paper
data/archive/paper/paper_186.png,paper
data/archive/scissors/scissors_895.png,scissors
data/archive/paper/paper_416.png,paper
data/archive/paper/paper_441.png,paper
data/archive/paper/paper_601.png,paper
data/archive/paper/paper_855.png,paper
data/archive/paper/paper_46.png,paper
data/archive/rock/rock_211.png,rock
data/archive/paper/paper_460.png,paper
data/archive/rock/rock_451.png,rock
data/archive/scissors/scissors_434.png,scissors
data/archive/scissors/scissors_707.png,scissors
data/archive/paper/paper_139.png,paper
data/archive/rock/rock_113.png,rock
data/archive/scissors/scissors_27.png,scissors
data/archive/rock/rock_415.png,rock
data/archive/rock/rock_363.png,rock
data/archive/paper/paper_260.png,paper
data/archive/rock/rock_100.png,rock
data/archive/scissors/scissors_272.png,scissors
data/archive/rock/rock_294.png,rock
data/archive/scissors/scissors_251.png,scissors
data/archive/paper/paper_658.png,paper
data/archive/paper/paper_384.png,paper
data/archive/rock/rock_561.png,rock
data/archive/rock/rock_658.png,rock
data/archive/paper/paper_100.png,paper
data/archive/rock/rock_647.png,rock
data/archive/rock/rock_247.png,rock
data/archive/scissors/scissors_170.png,scissors
data/archive/rock/rock_445.png,rock
data/archive/rock/rock_563.png,rock
data/archive/rock/rock_797.png,rock
data/archive/paper/paper_127.png,paper
data/archive/paper/paper_71.png,paper
data/archive/rock/rock_52.png,rock
data/archive/paper/paper_905.png,paper
data/archive/paper/paper_130.png,paper
data/archive/rock/rock_537.png,rock
data/archive/scissors/scissors_867.png,scissors
data/archive/paper/paper_519.png,paper
data/archive/scissors/scissors_849.png,scissors
data/archive/paper/paper_23.png,paper
data/archive/paper/paper_835.png,paper
data/archive/paper/paper_375.png,paper
data/archive/paper/paper_354.png,paper
data/archive/rock/rock_568.png,rock
data/archive/rock/rock_903.png,rock
data/archive/paper/paper_191.png,paper
data/archive/rock/rock_129.png,rock
data/archive/rock/rock_476.png,rock
data/archive/scissors/scissors_127.png,scissors
data/archive/paper/paper_636.png,paper
data/archive/rock/rock_432.png,rock
data/archive/scissors/scissors_342.png,scissors
data/archive/rock/rock_579.png,rock
data/archive/paper/paper_421.png,paper
data/archive/scissors/scissors_622.png,scissors
data/archive/paper/paper_475.png,paper
data/archive/scissors/scissors_435.png,scissors
data/archive/scissors/scissors_206.png,scissors
data/archive/rock/rock_265.png,rock
data/archive/scissors/scissors_222.png,scissors
data/archive/paper/paper_170.png,paper
data/archive/scissors/scissors_627.png,scissors
data/archive/rock/rock_583.png,rock
data/archive/rock/rock_70.png,rock
data/archive/paper/paper_623.png,paper
data/archive/scissors/scissors_839.png,scissors
data/archive/rock/rock_17.png,rock
data/archive/paper/paper_412.png,paper
data/archive/paper/paper_136.png,paper
data/archive/paper/paper_348.png,paper
data/archive/paper/paper_662.png,paper
data/archive/rock/rock_355.png,rock
data/archive/paper/paper_237.png,paper
data/archive/scissors/scissors_286.png,scissors
data/archive/rock/rock_510.png,rock
data/archive/rock/rock_827.png,rock
data/archive/paper/paper_448.png,paper
data/archive/rock/rock_298.png,rock
data/archive/rock/rock_337.png,rock
data/archive/paper/paper_741.png,paper
data/archive/rock/rock_236.png,rock
data/archive/paper/paper_522.png,paper
data/archive/rock/rock_308.png,rock
data/archive/rock/rock_475.png,rock
data/archive/scissors/scissors_376.png,scissors
data/archive/paper/paper_48.png,paper
data/archive/paper/paper_649.png,paper
data/archive/paper/paper_895.png,paper
data/archive/paper/paper_425.png,paper
data/archive/rock/rock_21.png,rock
data/archive/paper/paper_897.png,paper
data/archive/paper/paper_624.png,paper
data/archive/rock/rock_652.png,rock
data/archive/scissors/scissors_262.png,scissors
data/archive/scissors/scissors_137.png,scissors
data/archive/paper/paper_562.png,paper
data/archive/paper/paper_404.png,paper
data/archive/paper/paper_165.png,paper
data/archive/scissors/scissors_177.png,scissors
data/archive/paper/paper_808.png,paper
data/archive/rock/rock_646.png,rock
data/archive/paper/paper_633.png,paper
data/archive/scissors/scissors_495.png,scissors
data/archive/paper/paper_507.png,paper
data/archive/rock/rock_695.png,rock
data/archive/scissors/scissors_729.png,scissors
data/archive/scissors/scissors_228.png,scissors
data/archive/scissors/scissors_604.png,scissors
data/archive/rock/rock_307.png,rock
data/archive/scissors/scissors_418.png,scissors
data/archive/rock/rock_178.png,rock
data/archive/scissors/scissors_668.png,scissors
data/archive/scissors/scissors_46.png,scissors
data/archive/rock/rock_699.png,rock
data/archive/paper/paper_210.png,paper
data/archive/scissors/scissors_306.png,scissors
data/archive/scissors/scissors_59.png,scissors
data/archive/rock/rock_168.png,rock
data/archive/paper/paper_346.png,paper
data/archive/rock/rock_105.png,rock
data/archive/scissors/scissors_315.png,scissors
data/archive/rock/rock_670.png,rock
data/archive/rock/rock_95.png,rock
data/archive/paper/paper_125.png,paper
data/archive/scissors/scissors_635.png,scissors
data/archive/scissors/scissors_877.png,scissors
data/archive/rock/rock_225.png,rock
data/archive/rock/rock_411.png,rock
data/archive/paper/paper_631.png,paper
data/archive/scissors/scissors_527.png,scissors
data/archive/paper/paper_361.png,paper
data/archive/rock/rock_439.png,rock
data/archive/scissors/scissors_426.png,scissors
data/archive/scissors/scissors_766.png,scissors
data/archive/paper/paper_749.png,paper
data/archive/rock/rock_132.png,rock
data/archive/rock/rock_467.png,rock
data/archive/scissors/scissors_18.png,scissors
data/archive/rock/rock_845.png,rock
data/archive/rock/rock_166.png,rock
data/archive/rock/rock_750.png,rock
data/archive/rock/rock_12.png,rock
data/archive/scissors/scissors_790.png,scissors
data/archive/scissors/scissors_774.png,scissors
data/archive/paper/paper_21.png,paper
data/archive/scissors/scissors_819.png,scissors
data/archive/rock/rock_332.png,rock
data/archive/scissors/scissors_195.png,scissors
data/archive/rock/rock_189.png,rock
data/archive/rock/rock_417.png,rock
data/archive/scissors/scissors_22.png,scissors
data/archive/rock/rock_774.png,rock
data/archive/rock/rock_468.png,rock
data/archive/rock/rock_641.png,rock
data/archive/rock/rock_677.png,rock
data/archive/scissors/scissors_190.png,scissors
data/archive/rock/rock_89.png,rock
data/archive/rock/rock_503.png,rock
data/archive/scissors/scissors_4.png,scissors
data/archive/scissors/scissors_431.png,scissors
data/archive/paper/paper_256.png,paper
data/archive/paper/paper_878.png,paper
data/archive/rock/rock_369.png,rock
data/archive/scissors/scissors_107.png,scissors
data/archive/rock/rock_500.png,rock
data/archive/paper/paper_161.png,paper
data/archive/scissors/scissors_146.png,scissors
data/archive/rock/rock_288.png,rock
data/archive/rock/rock_330.png,rock
data/archive/scissors/scissors_390.png,scissors
data/archive/rock/rock_35.png,rock
data/archive/scissors/scissors_722.png,scissors
data/archive/rock/rock_435.png,rock
data/archive/rock/rock_601.png,rock
data/archive/rock/rock_562.png,rock
data/archive/paper/paper_545.png,paper
